[1,["ecpdLyjvZBwrvm+cedCcQy","ac0AH1wrVNPLcnBe74dT7K","5eiyas1tVJFI5BLNYS1neW","08PsPNXXRCILSmcVTKDevQ","41D7kWhyFGY7q4NDlzkazn","1d6796e95","f3R0AMfhxDDq+3bAPxr5nx","b36RJxE+FEOo/+AvFGhlth","61saXta+VPpoMhdSaZkiiR","42hNJkvrFLj4MwP4Oo1SxO","74r+lBFBNAloXV6JvCMNiU","cbstqQVmdGJrKgeyJRz8OT","feX6vGQ6JJN68WZPKCNPie","a8K7N/dORIT4W3TDkTQeP6","fdPbHu7fhAMI1Zt/2LK9Xn","8dPlbf4ANCKLt/dnZm4ier","00eETcvzdIr7znap4Zwcgl","79Pm0Ifq5OY4T7QkHWkcgK","b9no8jHSFCLr85gsg0e3QE","a8Anh32NZGRZegUtSgEj26","baJ+7+M9RMSY8BLpYOoUsk","5320HHBpVOqoYVeFucJYvd","23mor/vXdJmo9xkG3sx2ki","2eUvlnnfJPpoUuSiXC32uQ","50HqggRy5K8YF90n/Bk1Rs","27fVABrZVCQqfbT5Oo4EPd","f2Prjb5NdAFJ5wAcpmiK8D","0cNGzfQYpOTYizNTy2HIEb","fenW9g6nhBp4ccdK1pyJxY","a2sov5NRBNPIzrhENZktWN","8a2hP0BQJC+rO3pROXZgUl","c57OCVPSdGUauZh9e2uHvP","bfFlkaJHVC/oiuN5uJpBrT","2cImRFFeVL7atbMpR+Vw+e","4f2uxR8ERBKZHB5hmxVMcu","88NN8Z3xRJsY1vsDaovdIC","2fonl4HflO5rDJZXl4bikE","8861gL0AhNgLVeImwDY64A","c63zsGRXFOHJML7cK3Eozh","098QgSVERAF4NiPqMfxvXA","0cF+nrIHtBkrdnNpGz8D+O","42hWH/CSRKDp7WpcQVCOds","2dvhJyHOpHbZHNFcEuxMim","edAE4fA2FMBJWGB3Y2rDce","9d8/a5KyRAurP/GBv0jnv2"],["node","_spriteFrame","_textureSetter","_N$file","_parent","_N$normalSprite","_N$target","buttonSound","normalSpr","hoverSpr","_target","target","other","description","weaponName","weaponIcon","crtAmount","spdAmount","atkAmount","hpAmount","displayName","character","root","scene","dataPlayer","_defaultClip","backgroundMusic","charSelectSound","_clip","audible","mute","_N$font"],[["cc.Node",["_name","_opacity","_active","_objFlags","_id","_components","_parent","_contentSize","_trs","_children","_anchorPoint","_eulerAngles","_color","_prefab"],-2,9,1,5,7,2,5,5,5,4],"cc.SpriteFrame",["cc.Widget",["_alignFlags","_left","_originalWidth","_right","_top","_bottom","_originalHeight","alignMode","node","_target"],-5,1,1],["cc.Label",["_string","_isSystemFontUsed","_N$horizontalAlign","_N$verticalAlign","_fontSize","_lineHeight","_enableWrapText","_N$overflow","_N$cacheMode","_enabled","_materials","node","_N$file"],-7,3,1,6],["cc.Sprite",["_sizeMode","_type","node","_materials","_spriteFrame"],1,1,3,6],["cc.Node",["_name","_parent","_components","_contentSize","_trs","_anchorPoint","_color"],2,1,2,5,7,5,5],["cc.Button",["_N$transition","node","_N$normalColor","_N$pressedColor","_N$disabledColor","_N$target","_N$normalSprite","clickEvents"],2,1,5,5,5,1,6,9],["eaf99P7GNlGm5wNAwn6/BdW",["isFaded","node","normalSpr","hoverSpr","other","buttonSound"],2,1,6,6,1,6],["cc.AudioClip",["_name","_native","duration"],0],["cc.SceneAsset",["_name","asyncLoadAssets"],1],["cc.Canvas",["node"],3,1],["cc.ClickEvent",["_componentId","handler","target"],1,1],["4fdb8FA7KlGu4Lj3S+YX40a",["node","character","characterList","displayName","weaponIconList","hpAmount","atkAmount","spdAmount","crtAmount","weaponIcon","weaponName","description","dataPlayer","backgroundMusic","charSelectSound","buttonSound"],3,1,1,3,1,3,1,1,1,1,1,1,1,6,6,6,6],["cc.AudioSource",["_loop","playOnLoad","node","_clip"],1,1,6],["cc.Animation",["playOnLoad","node","_clips","_defaultClip"],2,1,3,6],["cc.PrefabInfo",["root"],3,1],["82d38zYk45A5JW5Dsd2V51q",["node","audible","mute"],3,1,6,6],["9e3abgvaPBOdbNJQ+GA/29X",["node"],3,1],["cc.RigidBody",["_gravityScale","_angularVelocity","node"],1,1],["cc.LabelOutline",["node","_color"],3,1,5],["cc.Scene",["_name","_active","_children","_anchorPoint","_trs"],1,2,5,7],["cc.Camera",["_clearFlags","_depth","node"],1,1],["cc.RichText",["_isSystemFontUsed","_N$string","_N$fontSize","_N$maxWidth","_N$lineHeight","node"],-2,1]],[[4,2,3,4,1],[0,0,1,6,5,7,8,3],[17,0,1],[4,0,2,3,4,2],[18,0,1,2,3],[0,0,6,5,7,8,2],[5,0,1,2,3,5,4,2],[4,1,0,2,3,4,3],[3,0,4,5,1,2,3,11,10,12,7],[0,0,6,9,5,7,8,2],[0,0,6,9,8,2],[0,0,6,5,7,10,8,2],[2,7,0,2,6,8,5],[6,0,1,7,2,3,4,5,6,2],[11,0,1,2,3],[3,0,4,5,1,2,3,11,10,7],[0,0,6,5,7,2],[0,0,1,6,5,7,8,11,3],[8,0,1,2,4],[0,0,6,9,2],[0,0,3,5,7,3],[0,0,6,9,5,7,8,11,2],[0,0,6,5,7,8,11,2],[0,0,2,1,6,5,7,8,4],[5,0,1,2,6,3,5,4,2],[9,0,1,3],[0,0,9,5,2],[0,0,9,2],[0,0,4,9,5,7,8,3],[0,0,6,9,5,7,2],[0,0,6,9,5,8,2],[0,0,6,5,2],[0,0,9,8,2],[0,0,3,9,5,7,3],[0,0,2,6,9,5,7,8,3],[0,0,5,13,7,10,8,2],[0,0,1,6,5,7,3],[0,0,2,1,6,5,12,7,4],[0,0,2,6,5,7,8,3],[0,0,1,6,5,12,7,10,8,3],[0,0,6,5,10,8,2],[5,0,1,2,3,4,2],[2,0,1,3,4,5,8,9,6],[2,0,8,2],[2,0,2,6,8,9,4],[2,0,1,3,5,8,9,5],[2,0,1,4,8,9,4],[2,0,1,3,4,2,8,9,6],[2,0,1,3,4,5,2,6,8,9,8],[2,7,0,1,3,4,5,2,6,8,9],[2,0,2,8,3],[10,0,1],[4,0,2,3,2],[6,0,1,2,3,4,5,6,2],[7,0,1,4,2,3,5,2],[7,1,2,3,1],[12,0,1,2,3,4,5,6,7,8,9,10,11,12,13,14,15,1],[13,0,1,2,3,3],[14,0,1,2,3,2],[15,0,1],[16,0,1,2,1],[3,0,6,1,2,3,7,8,11,10,12,8],[3,0,4,5,1,10,5],[3,0,4,5,1,11,10,5],[3,0,4,6,1,2,3,7,8,11,10,12,9],[3,9,0,6,1,2,3,7,11,10,12,8],[19,0,1,1],[20,0,1,2,3,4,3],[21,0,1,2,3],[22,0,1,2,3,4,5,6]],[[[{"name":"sound","rect":[84,902,62,60],"offset":[0,0],"originalSize":[62,60],"capInsets":[0,0,0,0]}],[1],0,[0],[2],[5]],[[{"name":"spr_Gura_O2_idle_0","rect":[18,38,43,25],"offset":[7.5,-18.5],"originalSize":[64,64],"capInsets":[0,0,0,0]}],[1],0,[0],[2],[17]],[[{"name":"spr_CalliWeapon","rect":[0,0,24,20],"offset":[-0.5,0],"originalSize":[25,20],"capInsets":[0,0,0,0]}],[1],0,[0],[2],[18]],[[{"name":"mute sound","rect":[3,902,75,60],"offset":[0,0],"originalSize":[75,60],"capInsets":[0,0,0,0]}],[1],0,[0],[2],[5]],[[{"name":"singleColor","rect":[0,0,2,2],"offset":[0,0],"originalSize":[2,2],"capInsets":[0,0,0,0]}],[1],0,[0],[2],[19]],[[{"name":"ui_menu_stats_divider","rect":[0,0,121,1],"offset":[0,0],"originalSize":[121,1],"capInsets":[0,0,0,0]}],[1],0,[0],[2],[20]],[[[18,"characterSelect",".wav",0.534671],-1],0,0,[],[],[]],[[{"name":"menu_dressroom","rect":[0,0,81,64],"offset":[0,0],"originalSize":[81,64],"capInsets":[0,0,0,0]}],[1],0,[0],[2],[21]],[[{"name":"menu_charselec_triangle","rect":[21,7,36,36],"offset":[3.5,1.5],"originalSize":[71,53],"capInsets":[0,0,0,0]}],[1],0,[0],[2],[22]],[[[25,"Main Menu",null],[26,"New Node",[-3,-4,-5,-6,-7,-8,-9,-10,-11,-12,-13,-14,-15,-16,-17,-18,-19,-20,-21,-22,-23,-24,-25,-26,-27,-28,-29,-30,-31,-32,-33,-34,-35,-36,-37,-38,-39,-40,-41,-42,-43,-44,-45,-46,-47,-48,-49,-50,-51,-52,-53,-54,-55,-56,-57,-58,-59,-60,-61,-62,-63,-64,-65,-66,-67,-68],[[42,44,480,480,320,320,-2,-1]]],[27,"New Node",[-69,-70,-71,-72,-73,-74,-75,-76,-77,-78,-79,-80,-81,-82,-83,-84,-85,-86]],[28,"Canvas","a5esZu+45LA5mBpvttspPD",[-89,-90,-91,-92,-93,-94,-95,-96],[[51,-87],[43,45,-88]],[5,960,640],[480,320,0,0,0,0,1,1,1,1]],[29,"menu_charselecBG",3,[1,2,-99,-100,-101],[[3,0,-97,[237],238],[44,45,640,360,-98,3]],[5,960,640]],[30,"Displayer",3,[-103,-104,-105,-106,-107,-108],[[45,44,480,480,339.469,-102,3]],[0,19.468999999999994,0,0,0,0,1,1,1,1]],[9,"Audio",3,[-115,-116,-117],[[13,2,-111,[[14,"eaf99P7GNlGm5wNAwn6/BdW","onSoundButtonCLick",-110]],[4,4293322470],[4,4291348680],[4,3363338360],-109,259],[54,true,-113,-112,260,261,262],[46,9,7.947000000000003,1.2200000000000273,-114,3]],[5,50,50],[-447.053,293.78,0,0,0,0,1,1,1,1]],[9,"Dressroom",3,[-120,-121,-122,-123],[[3,0,-118,[9],10],[47,1,318,318,9.005999999999972,324,-119,3]],[5,500,330],[0,145.99400000000003,0,0,0,0,1,1,1,1]],[31,"MenuController",3,[[56,-133,-132,[16,17],-131,[57,58],-130,-129,-128,-127,-126,-125,-124,0,59,60,61],[57,true,true,-134,62]]],[9,"singleColor",5,[-136,-137,-138],[[3,0,-135,[54],55]],[5,600,30],[0,-110,0,0,0,0,1,1,1,1]],[32,"Stats",[-139,-140,-141,-142],[0,-17.251,0,0,0,0,1,1,1,1]],[19,"HP",10,[-143,-144,-145,-146]],[10,"ATK",10,[-147,-148,-149,-150],[0,-35,0,0,0,0,1,1,1,1]],[10,"SPD",10,[-151,-152,-153,-154],[0,-70,0,0,0,0,1,1,1,1]],[10,"CRT",10,[-155,-156,-157,-158],[0,-105,0,0,0,0,1,1,1,1]],[33,"Background",512,[-161],[[7,1,0,-159,[241],242],[12,0,45,100,40,-160]],[5,100,99.99999999999994]],[34,"LevelUpButton",false,3,[-165,-166],[[53,2,-163,[4,4293322470],[4,4291348680],[4,3363338360],-162,248],[55,-164,249,250]],[5,150,40],[0,-26.549,0,0,0,0,1,1,1,1]],[20,"Background",512,[[7,1,0,-167,[1],2],[12,0,45,100,40,-168]],[5,100,40]],[20,"Background",512,[[7,1,0,-169,[4],5],[12,0,45,100,40,-170]],[5,100,40]],[35,"Gura",[[3,0,-172,[11],12],[58,true,-173,[14,15],13]],[59,-171],[5,150,99],[0,0.5,0],[30,-50,0,0,0,0,1,1,1,1]],[9,"Play Button",3,[15],[[13,2,-174,[[14,"4fdb8FA7KlGu4Lj3S+YX40a","onPlayButtonClick",8]],[4,4293322470],[4,4291348680],[4,3363338360],15,243],[48,5,451.168,448.832,456.932,83.06800000000004,60,60,-175,3]],[5,100,99.99999999999994],[401.782,-186.932,0,0,0,0,1,1,1,1]],[16,"Background",16,[[7,1,0,-176,[244],245],[12,0,45,100,40,-177]],[5,150,40]],[36,"Background",150,6,[[7,1,0,-178,[251],252],[49,0,45,125,125,35,35,100,40,-179]],[5,-200,-20]],[16,"Sound",6,[[3,0,-180,[255],256],[60,-181,257,258]],[5,31,30]],[19,"Character",7,[19]],[21,"NextCharacterButton",7,[17],[[13,2,-182,[[14,"4fdb8FA7KlGu4Lj3S+YX40a","onNextCharacterClick",8]],[4,4293322470],[4,4291348680],[4,3363338360],17,3]],[5,100,40],[300,0,0,0,0,0.7071067811865475,0.7071067811865477,1,1,1],[1,0,0,89.99999999999999]],[21,"PreviousCharacterButton",7,[18],[[13,2,-183,[[14,"4fdb8FA7KlGu4Lj3S+YX40a","onPreCharacterClick",8]],[4,4293322470],[4,4291348680],[4,3363338360],18,6]],[5,100,40],[-300,0,0,0,0,0.7071067811865476,-0.7071067811865475,1,1,1],[1,0,0,270]],[1,"menu_charselec_bar",150,1,[[0,-184,[63],64],[2,-185]],[5,214,210],[0,-215,0,0,0,0,1,1,1,1]],[1,"menu_charselec_bar copy",150,1,[[0,-186,[65],66],[2,-187]],[5,214,210],[-600.921,-215,0,0,0,0,1,1,1,1]],[1,"menu_charselec_bar copy",150,1,[[0,-188,[67],68],[2,-189]],[5,214,210],[-621.94,-215,0,0,0,0,1,1,1,1]],[1,"menu_charselec_bar copy",150,1,[[0,-190,[69],70],[2,-191]],[5,214,210],[-640.623,-215,0,0,0,0,1,1,1,1]],[1,"menu_charselec_bar copy",150,1,[[0,-192,[71],72],[2,-193]],[5,214,210],[-662.809,-215,0,0,0,0,1,1,1,1]],[1,"menu_charselec_bar copy",150,1,[[0,-194,[73],74],[2,-195]],[5,214,210],[-687.331,-215,0,0,0,0,1,1,1,1]],[1,"menu_charselec_bar copy",150,1,[[0,-196,[75],76],[2,-197]],[5,214,210],[-708.35,-215,0,0,0,0,1,1,1,1]],[1,"menu_charselec_bar copy",150,1,[[0,-198,[77],78],[2,-199]],[5,214,210],[-730.536,-215,0,0,0,0,1,1,1,1]],[1,"menu_charselec_bar copy",150,1,[[0,-200,[79],80],[2,-201]],[5,214,210],[-750,-215,0,0,0,0,1,1,1,1]],[1,"menu_charselec_bar copy",150,1,[[0,-202,[81],82],[2,-203]],[5,214,210],[-775,-215,0,0,0,0,1,1,1,1]],[1,"menu_charselec_bar copy",150,1,[[0,-204,[83],84],[2,-205]],[5,214,210],[297.765,-215,0,0,0,0,1,1,1,1]],[1,"menu_charselec_bar copy",150,1,[[0,-206,[85],86],[2,-207]],[5,214,210],[-303.156,-215,0,0,0,0,1,1,1,1]],[1,"menu_charselec_bar copy",150,1,[[0,-208,[87],88],[2,-209]],[5,214,210],[150.95,-215,0,0,0,0,1,1,1,1]],[1,"menu_charselec_bar copy",150,1,[[0,-210,[89],90],[2,-211]],[5,214,210],[-449.971,-215,0,0,0,0,1,1,1,1]],[1,"menu_charselec_bar copy",150,1,[[0,-212,[91],92],[2,-213]],[5,214,210],[448.715,-215,0,0,0,0,1,1,1,1]],[1,"menu_charselec_bar copy",150,1,[[0,-214,[93],94],[2,-215]],[5,214,210],[-152.206,-215,0,0,0,0,1,1,1,1]],[1,"menu_charselec_bar copy",150,1,[[0,-216,[95],96],[2,-217]],[5,214,210],[75.901,-215,0,0,0,0,1,1,1,1]],[1,"menu_charselec_bar copy",150,1,[[0,-218,[97],98],[2,-219]],[5,214,210],[-525.02,-215,0,0,0,0,1,1,1,1]],[1,"menu_charselec_bar copy",150,1,[[0,-220,[99],100],[2,-221]],[5,214,210],[373.666,-215,0,0,0,0,1,1,1,1]],[1,"menu_charselec_bar copy",150,1,[[0,-222,[101],102],[2,-223]],[5,214,210],[-227.255,-215,0,0,0,0,1,1,1,1]],[1,"menu_charselec_bar copy",150,1,[[0,-224,[103],104],[2,-225]],[5,214,210],[226.851,-215,0,0,0,0,1,1,1,1]],[1,"menu_charselec_bar copy",150,1,[[0,-226,[105],106],[2,-227]],[5,214,210],[-374.07,-215,0,0,0,0,1,1,1,1]],[1,"menu_charselec_bar copy",150,1,[[0,-228,[107],108],[2,-229]],[5,214,210],[524.616,-215,0,0,0,0,1,1,1,1]],[1,"menu_charselec_bar copy",150,1,[[0,-230,[109],110],[2,-231]],[5,214,210],[-76.305,-215,0,0,0,0,1,1,1,1]],[1,"menu_charselec_bar copy",150,1,[[0,-232,[111],112],[2,-233]],[5,214,210],[25,-215,0,0,0,0,1,1,1,1]],[1,"menu_charselec_bar copy",150,1,[[0,-234,[113],114],[2,-235]],[5,214,210],[-575.921,-215,0,0,0,0,1,1,1,1]],[1,"menu_charselec_bar copy",150,1,[[0,-236,[115],116],[2,-237]],[5,214,210],[322.765,-215,0,0,0,0,1,1,1,1]],[1,"menu_charselec_bar copy",150,1,[[0,-238,[117],118],[2,-239]],[5,214,210],[-278.156,-215,0,0,0,0,1,1,1,1]],[1,"menu_charselec_bar copy",150,1,[[0,-240,[119],120],[2,-241]],[5,214,210],[175.95,-215,0,0,0,0,1,1,1,1]],[1,"menu_charselec_bar copy",150,1,[[0,-242,[121],122],[2,-243]],[5,214,210],[-424.971,-215,0,0,0,0,1,1,1,1]],[1,"menu_charselec_bar copy",150,1,[[0,-244,[123],124],[2,-245]],[5,214,210],[473.715,-215,0,0,0,0,1,1,1,1]],[1,"menu_charselec_bar copy",150,1,[[0,-246,[125],126],[2,-247]],[5,214,210],[-127.206,-215,0,0,0,0,1,1,1,1]],[1,"menu_charselec_bar copy",150,1,[[0,-248,[127],128],[2,-249]],[5,214,210],[100.901,-215,0,0,0,0,1,1,1,1]],[1,"menu_charselec_bar copy",150,1,[[0,-250,[129],130],[2,-251]],[5,214,210],[-500.02,-215,0,0,0,0,1,1,1,1]],[1,"menu_charselec_bar copy",150,1,[[0,-252,[131],132],[2,-253]],[5,214,210],[398.666,-215,0,0,0,0,1,1,1,1]],[1,"menu_charselec_bar copy",150,1,[[0,-254,[133],134],[2,-255]],[5,214,210],[-202.255,-215,0,0,0,0,1,1,1,1]],[1,"menu_charselec_bar copy",150,1,[[0,-256,[135],136],[2,-257]],[5,214,210],[251.851,-215,0,0,0,0,1,1,1,1]],[1,"menu_charselec_bar copy",150,1,[[0,-258,[137],138],[2,-259]],[5,214,210],[-349.07,-215,0,0,0,0,1,1,1,1]],[1,"menu_charselec_bar copy",150,1,[[0,-260,[139],140],[2,-261]],[5,214,210],[549.616,-215,0,0,0,0,1,1,1,1]],[1,"menu_charselec_bar copy",150,1,[[0,-262,[141],142],[2,-263]],[5,214,210],[-51.305,-215,0,0,0,0,1,1,1,1]],[1,"menu_charselec_bar copy",150,1,[[0,-264,[143],144],[2,-265]],[5,214,210],[50,-215,0,0,0,0,1,1,1,1]],[1,"menu_charselec_bar copy",150,1,[[0,-266,[145],146],[2,-267]],[5,214,210],[-550.921,-215,0,0,0,0,1,1,1,1]],[1,"menu_charselec_bar copy",150,1,[[0,-268,[147],148],[2,-269]],[5,214,210],[347.765,-215,0,0,0,0,1,1,1,1]],[1,"menu_charselec_bar copy",150,1,[[0,-270,[149],150],[2,-271]],[5,214,210],[-253.156,-215,0,0,0,0,1,1,1,1]],[1,"menu_charselec_bar copy",150,1,[[0,-272,[151],152],[2,-273]],[5,214,210],[200.95,-215,0,0,0,0,1,1,1,1]],[1,"menu_charselec_bar copy",150,1,[[0,-274,[153],154],[2,-275]],[5,214,210],[-399.971,-215,0,0,0,0,1,1,1,1]],[1,"menu_charselec_bar copy",150,1,[[0,-276,[155],156],[2,-277]],[5,214,210],[498.715,-215,0,0,0,0,1,1,1,1]],[1,"menu_charselec_bar copy",150,1,[[0,-278,[157],158],[2,-279]],[5,214,210],[-102.206,-215,0,0,0,0,1,1,1,1]],[1,"menu_charselec_bar copy",150,1,[[0,-280,[159],160],[2,-281]],[5,214,210],[125.901,-215,0,0,0,0,1,1,1,1]],[1,"menu_charselec_bar copy",150,1,[[0,-282,[161],162],[2,-283]],[5,214,210],[-475.02,-215,0,0,0,0,1,1,1,1]],[1,"menu_charselec_bar copy",150,1,[[0,-284,[163],164],[2,-285]],[5,214,210],[423.666,-215,0,0,0,0,1,1,1,1]],[1,"menu_charselec_bar copy",150,1,[[0,-286,[165],166],[2,-287]],[5,214,210],[-177.255,-215,0,0,0,0,1,1,1,1]],[1,"menu_charselec_bar copy",150,1,[[0,-288,[167],168],[2,-289]],[5,214,210],[276.851,-215,0,0,0,0,1,1,1,1]],[1,"menu_charselec_bar copy",150,1,[[0,-290,[169],170],[2,-291]],[5,214,210],[-324.07,-215,0,0,0,0,1,1,1,1]],[1,"menu_charselec_bar copy",150,1,[[0,-292,[171],172],[2,-293]],[5,214,210],[574.616,-215,0,0,0,0,1,1,1,1]],[1,"menu_charselec_bar copy",150,1,[[0,-294,[173],174],[2,-295]],[5,214,210],[595.266,-215,0,0,0,0,1,1,1,1]],[1,"menu_charselec_bar copy",150,1,[[0,-296,[175],176],[2,-297]],[5,214,210],[617.794,-215,0,0,0,0,1,1,1,1]],[1,"menu_charselec_bar copy",150,1,[[0,-298,[177],178],[2,-299]],[5,214,210],[640.947,-215,0,0,0,0,1,1,1,1]],[1,"menu_charselec_bar copy",150,1,[[0,-300,[179],180],[2,-301]],[5,214,210],[665.352,-215,0,0,0,0,1,1,1,1]],[1,"menu_charselec_bar copy",150,1,[[0,-302,[181],182],[2,-303]],[5,214,210],[690.382,-215,0,0,0,0,1,1,1,1]],[1,"menu_charselec_bar copy",150,1,[[0,-304,[183],184],[2,-305]],[5,214,210],[712.909,-215,0,0,0,0,1,1,1,1]],[1,"menu_charselec_bar copy",150,1,[[0,-306,[185],186],[2,-307]],[5,214,210],[-26.305,-215,0,0,0,0,1,1,1,1]],[1,"menu_charselec_bar copy",150,1,[[0,-308,[187],188],[2,-309]],[5,214,210],[735.631,-215,0,0,0,0,1,1,1,1]],[1,"menu_charselec_bar copy",150,1,[[0,-310,[189],190],[2,-311]],[5,214,210],[758.633,-215,0,0,0,0,1,1,1,1]],[1,"menu_charselec_bar copy",150,1,[[0,-312,[191],192],[2,-313]],[5,214,210],[780.197,-215,0,0,0,0,1,1,1,1]],[1,"menu_charselec_bar copy",150,1,[[0,-314,[193],194],[2,-315]],[5,214,210],[800,-215,0,0,0,0,1,1,1,1]],[1,"menu_charselec_triangle",150,2,[[0,-316,[195],196],[4,0,30,-317]],[5,36,36],[-187.395,220.19,0,0,0,0,1,3,3,3]],[1,"menu_charselec_triangle copy",150,2,[[0,-318,[197],198],[4,0,30,-319]],[5,36,36],[-448.314,111.198,0,0,0,0,1,3,3,3]],[1,"menu_charselec_triangle copy",150,2,[[0,-320,[199],200],[4,0,30,-321]],[5,36,36],[37.193,160.74,0,0,0,0,1,3,3,3]],[17,"menu_charselec_triangle copy",150,2,[[0,-322,[201],202],[4,0,30,-323]],[5,36,36],[383.508,207.116,0,0,0,1,6.123233995736766e-17,3,3,3],[1,0,0,180]],[17,"menu_charselec_triangle copy",150,2,[[0,-324,[203],204],[4,0,30,-325]],[5,36,36],[122.589,98.124,0,0,0,1,6.123233995736766e-17,3,3,3],[1,0,0,180]],[17,"menu_charselec_triangle copy",150,2,[[0,-326,[205],206],[4,0,30,-327]],[5,36,36],[608.096,147.666,0,0,0,1,6.123233995736766e-17,3,3,3],[1,0,0,180]],[1,"menu_charselec_triangle copy",150,2,[[0,-328,[207],208],[4,0,90,-329]],[5,36,36],[-318.136,69.838,0,0,0,0,1,1,1,1]],[1,"menu_charselec_triangle copy",150,2,[[0,-330,[209],210],[4,0,90,-331]],[5,36,36],[-579.055,-39.154,0,0,0,0,1,1,1,1]],[1,"menu_charselec_triangle copy",150,2,[[0,-332,[211],212],[4,0,90,-333]],[5,36,36],[-93.548,10.388,0,0,0,0,1,1,1,1]],[1,"menu_charselec_triangle copy",150,2,[[0,-334,[213],214],[4,0,50,-335]],[5,36,36],[-422.729,233.264,0,0,0,0,1,1,1,1]],[1,"menu_charselec_triangle copy",150,2,[[0,-336,[215],216],[4,0,50,-337]],[5,36,36],[-683.648,124.272,0,0,0,0,1,1,1,1]],[1,"menu_charselec_triangle copy",150,2,[[0,-338,[217],218],[4,0,50,-339]],[5,36,36],[-198.141,173.814,0,0,0,0,1,1,1,1]],[1,"menu_charselec_triangle copy",150,2,[[0,-340,[219],220],[4,0,180,-341]],[5,36,36],[252.767,220.19,0,0,0,0,1,1,1,1]],[1,"menu_charselec_triangle copy",150,2,[[0,-342,[221],222],[4,0,180,-343]],[5,36,36],[-8.152,111.198,0,0,0,0,1,1,1,1]],[1,"menu_charselec_triangle copy",150,2,[[0,-344,[223],224],[4,0,180,-345]],[5,36,36],[477.355,160.74,0,0,0,0,1,1,1,1]],[1,"menu_charselec_triangle copy",150,2,[[0,-346,[225],226],[4,0,30,-347]],[5,36,36],[291.989,69.838,0,0,0,0,1,1,1,1]],[1,"menu_charselec_triangle copy",150,2,[[0,-348,[227],228],[4,0,30,-349]],[5,36,36],[31.07,-39.154,0,0,0,0,1,1,1,1]],[1,"menu_charselec_triangle copy",150,2,[[0,-350,[229],230],[4,0,30,-351]],[5,36,36],[516.577,10.388,0,0,0,0,1,1,1,1]],[37,"bg copy",false,100,4,[[3,0,-352,[235],236],[50,41,959,-353]],[4,4278190080],[5,960,640]],[5,"Label",15,[[61,"GO !!",false,false,1,1,1,1,-354,[239],240],[66,-355,[4,4291803183]]],[5,100,100],[-3.962,3.129,0,0,0,0,1,1,1,1]],[67,"New Node",false,[3],[0,0,0],[0,0,0,0,0,0,1,1,1,1]],[16,"Main Camera",3,[[68,7,-1,-356]],[5,960,640]],[38,"LevelLabel",false,7,[[8,"LEVEL 1",20,20,false,1,1,-357,[7],8]],[5,81.25,25.2],[0,-100,0,0,0,0,1,1,1,1]],[62,"NAME",20,20,false,[56]],[24,"Name",9,[116],[4,4292192805],[5,53.75,25.2],[0,0,0.5],[-292.13,-0.948,0,0,0,0,1,1,1,1]],[39,"bg",100,5,[[3,0,-358,[18],19]],[4,4278190080],[5,600,190],[0,0.5,1],[0,-125.471,0,0,0,0,1,1,1,1]],[10,"Stats",5,[10],[-281.417,-137.789,0,0,0,0,1,1,1,1]],[5,"HP Icon",11,[[3,0,-359,[20],21]],[5,20,20],[0,-10,0,0,0,0,1,1,1,1]],[11,"HP Label",11,[[8,"HP",20,20,false,1,1,-360,[22],23]],[5,27.5,25.2],[0,0,0.5],[15.636,-7,0,0,0,0,1,1,1,1]],[5,"Underline",11,[[3,0,-361,[24],25]],[5,250,1],[139.544,-20.015,0,0,0,0,1,1,1,1]],[6,"Amount",11,[-362],[5,31.25,25.2],[0,1,0.5],[263.418,-5,0,0,0,0,1,1,1,1]],[15,"100",20,20,false,1,1,123,[26]],[5,"ATK icon",12,[[3,0,-363,[27],28]],[5,20,20],[0,-10,0,0,0,0,1,1,1,1]],[11,"ATK Label",12,[[8,"ATK",20,20,false,1,1,-364,[29],30]],[5,38.75,25.2],[0,0,0.5],[15.636,-7,0,0,0,0,1,1,1,1]],[5,"Underline",12,[[3,0,-365,[31],32]],[5,250,1],[139.544,-20.015,0,0,0,0,1,1,1,1]],[6,"Amount",12,[-366],[5,28.75,25.2],[0,1,0.5],[263.418,-5,0,0,0,0,1,1,1,1]],[15,"0%",20,20,false,1,1,128,[33]],[5,"SPD icon",13,[[3,0,-367,[34],35]],[5,20,20],[0,-10,0,0,0,0,1,1,1,1]],[11,"SPD Label",13,[[8,"SPD",20,20,false,1,1,-368,[36],37]],[5,40,25.2],[0,0,0.5],[15.636,-7,0,0,0,0,1,1,1,1]],[5,"Underline",13,[[3,0,-369,[38],39]],[5,250,1],[139.544,-20.015,0,0,0,0,1,1,1,1]],[6,"Amount",13,[-370],[5,28.75,25.2],[0,1,0.5],[263.418,-5,0,0,0,0,1,1,1,1]],[15,"0%",20,20,false,1,1,133,[40]],[5,"CRT icon",14,[[3,0,-371,[41],42]],[5,20,20],[0,-10,0,0,0,0,1,1,1,1]],[11,"CRT Label",14,[[8,"CRT",20,20,false,1,1,-372,[43],44]],[5,45,25.2],[0,0,0.5],[15.636,-7,0,0,0,0,1,1,1,1]],[5,"Underline",14,[[3,0,-373,[45],46]],[5,250,1],[139.544,-20.015,0,0,0,0,1,1,1,1]],[6,"Amount",14,[-374],[5,28.75,25.2],[0,1,0.5],[263.418,-5,0,0,0,0,1,1,1,1]],[15,"0%",20,20,false,1,1,138,[47]],[22,"ui_menu_stats_divider",5,[[3,0,-375,[48],49]],[5,190,1],[2,-220.306,0,0,0,0.7071067811865475,0.7071067811865476,1,1,1],[1,0,0,90]],[22,"ui_menu_stats_divider copy",5,[[3,0,-376,[50],51]],[5,190,1],[-2,-220.306,0,0,0,0.7071067811865475,0.7071067811865476,1,1,1],[1,0,0,90]],[6,"Description",5,[-377],[5,280,25.2],[0,0.5,1],[148.858,-135.073,0,0,0,0,1,1,1,1]],[69,false,"Description",20,280,20,142],[24,"WeaponName",9,[-378],[4,4292192805],[5,135,25.2],[0,0,0.5],[36.99,-0.948,0,0,0,0,1,1,1,1]],[63,"Weapon name",20,20,false,144,[52]],[41,"weaponIcon",9,[-379],[5,25,25],[18.021,0,0,0,0,0,1,1,1,1]],[52,0,146,[53]],[23,"Title",false,150,4,[[3,0,-380,[231],232]],[5,210,200],[-368.254,117.667,0,0,0,0,1,1,1,1]],[23,"Title copy",false,150,4,[[3,0,-381,[233],234]],[5,210,200],[374.791,117.667,0,0,0,0,1,-1,1,1]],[5,"Label",16,[[64,"UPGRADE",25,false,false,1,1,1,1,-382,[246],247]],[5,150,40],[0,1.897,0,0,0,0,1,1,1,1]],[40,"Label",6,[[65,false,"Audio",false,false,1,1,1,-383,[253],254]],[0,0.7,0.5],[0,1.897,0,0,0,0,1,1,1,1]]],0,[0,10,4,0,0,1,0,-1,27,0,-2,28,0,-3,29,0,-4,30,0,-5,31,0,-6,32,0,-7,33,0,-8,34,0,-9,35,0,-10,36,0,-11,37,0,-12,38,0,-13,39,0,-14,40,0,-15,41,0,-16,42,0,-17,43,0,-18,44,0,-19,45,0,-20,46,0,-21,47,0,-22,48,0,-23,49,0,-24,50,0,-25,51,0,-26,52,0,-27,53,0,-28,54,0,-29,55,0,-30,56,0,-31,57,0,-32,58,0,-33,59,0,-34,60,0,-35,61,0,-36,62,0,-37,63,0,-38,64,0,-39,65,0,-40,66,0,-41,67,0,-42,68,0,-43,69,0,-44,70,0,-45,71,0,-46,72,0,-47,73,0,-48,74,0,-49,75,0,-50,76,0,-51,77,0,-52,78,0,-53,79,0,-54,80,0,-55,81,0,-56,82,0,-57,83,0,-58,84,0,-59,85,0,-60,86,0,-61,87,0,-62,88,0,-63,89,0,-64,90,0,-65,91,0,-66,92,0,-1,93,0,-2,94,0,-3,95,0,-4,96,0,-5,97,0,-6,98,0,-7,99,0,-8,100,0,-9,101,0,-10,102,0,-11,103,0,-12,104,0,-13,105,0,-14,106,0,-15,107,0,-16,108,0,-17,109,0,-18,110,0,0,3,0,0,3,0,-1,114,0,-2,8,0,-3,4,0,-4,20,0,-5,5,0,-6,7,0,-7,16,0,-8,6,0,0,4,0,0,4,0,-3,148,0,-4,149,0,-5,111,0,0,5,0,-1,9,0,-2,118,0,-3,119,0,-4,140,0,-5,141,0,-6,142,0,6,22,0,11,6,0,0,6,0,12,23,0,0,6,0,0,6,0,-1,22,0,-2,151,0,-3,23,0,0,7,0,0,7,0,-1,24,0,-2,25,0,-3,26,0,-4,115,0,13,143,0,14,145,0,15,147,0,16,139,0,17,134,0,18,129,0,19,124,0,20,116,0,21,24,0,0,8,0,0,8,0,0,9,0,-1,117,0,-2,144,0,-3,146,0,-1,11,0,-2,12,0,-3,13,0,-4,14,0,-1,120,0,-2,121,0,-3,122,0,-4,123,0,-1,125,0,-2,126,0,-3,127,0,-4,128,0,-1,130,0,-2,131,0,-3,132,0,-4,133,0,-1,135,0,-2,136,0,-3,137,0,-4,138,0,0,15,0,0,15,0,-1,112,0,6,21,0,0,16,0,0,16,0,-1,21,0,-2,150,0,0,17,0,0,17,0,0,18,0,0,18,0,22,19,0,0,19,0,0,19,0,0,20,0,0,20,0,0,21,0,0,21,0,0,22,0,0,22,0,0,23,0,0,23,0,0,25,0,0,26,0,0,27,0,0,27,0,0,28,0,0,28,0,0,29,0,0,29,0,0,30,0,0,30,0,0,31,0,0,31,0,0,32,0,0,32,0,0,33,0,0,33,0,0,34,0,0,34,0,0,35,0,0,35,0,0,36,0,0,36,0,0,37,0,0,37,0,0,38,0,0,38,0,0,39,0,0,39,0,0,40,0,0,40,0,0,41,0,0,41,0,0,42,0,0,42,0,0,43,0,0,43,0,0,44,0,0,44,0,0,45,0,0,45,0,0,46,0,0,46,0,0,47,0,0,47,0,0,48,0,0,48,0,0,49,0,0,49,0,0,50,0,0,50,0,0,51,0,0,51,0,0,52,0,0,52,0,0,53,0,0,53,0,0,54,0,0,54,0,0,55,0,0,55,0,0,56,0,0,56,0,0,57,0,0,57,0,0,58,0,0,58,0,0,59,0,0,59,0,0,60,0,0,60,0,0,61,0,0,61,0,0,62,0,0,62,0,0,63,0,0,63,0,0,64,0,0,64,0,0,65,0,0,65,0,0,66,0,0,66,0,0,67,0,0,67,0,0,68,0,0,68,0,0,69,0,0,69,0,0,70,0,0,70,0,0,71,0,0,71,0,0,72,0,0,72,0,0,73,0,0,73,0,0,74,0,0,74,0,0,75,0,0,75,0,0,76,0,0,76,0,0,77,0,0,77,0,0,78,0,0,78,0,0,79,0,0,79,0,0,80,0,0,80,0,0,81,0,0,81,0,0,82,0,0,82,0,0,83,0,0,83,0,0,84,0,0,84,0,0,85,0,0,85,0,0,86,0,0,86,0,0,87,0,0,87,0,0,88,0,0,88,0,0,89,0,0,89,0,0,90,0,0,90,0,0,91,0,0,91,0,0,92,0,0,92,0,0,93,0,0,93,0,0,94,0,0,94,0,0,95,0,0,95,0,0,96,0,0,96,0,0,97,0,0,97,0,0,98,0,0,98,0,0,99,0,0,99,0,0,100,0,0,100,0,0,101,0,0,101,0,0,102,0,0,102,0,0,103,0,0,103,0,0,104,0,0,104,0,0,105,0,0,105,0,0,106,0,0,106,0,0,107,0,0,107,0,0,108,0,0,108,0,0,109,0,0,109,0,0,110,0,0,110,0,0,111,0,0,111,0,0,112,0,0,112,0,0,114,0,0,115,0,0,118,0,0,120,0,0,121,0,0,122,0,-1,124,0,0,125,0,0,126,0,0,127,0,-1,129,0,0,130,0,0,131,0,0,132,0,-1,134,0,0,135,0,0,136,0,0,137,0,-1,139,0,0,140,0,0,141,0,-1,143,0,-1,145,0,-1,147,0,0,148,0,0,149,0,0,150,0,0,151,0,23,113,1,4,4,2,4,4,3,4,113,10,4,119,15,4,20,17,4,25,18,4,26,19,4,24,116,0,117,383],[0,0,0,0,0,0,0,0,0,0,0,0,0,0,0,0,0,0,0,0,0,0,0,0,0,0,0,0,0,0,0,0,0,0,0,0,0,0,0,0,0,0,0,0,0,0,0,0,0,0,0,0,0,0,0,0,0,0,0,0,0,0,0,0,0,0,0,0,0,0,0,0,0,0,0,0,0,0,0,0,0,0,0,0,0,0,0,0,0,0,0,0,0,0,0,0,0,0,0,0,0,0,0,0,0,0,0,0,0,0,0,0,0,0,0,0,0,0,0,0,0,0,0,0,0,0,0,0,0,0,0,0,0,0,0,0,0,0,0,0,0,0,0,0,0,0,0,0,0,0,0,0,0,0,0,0,0,0,0,0,0,0,0,0,0,0,0,0,0,0,0,0,0,0,0,0,0,0,0,0,0,0,0,0,0,0,0,0,0,0,0,0,0,0,0,0,0,0,0,0,0,0,0,0,0,0,0,0,0,0,0,0,0,0,0,0,0,0,0,0,0,0,0,0,0,0,0,0,0,0,0,0,0,0,0,0,0,0,0,0,0,0,0,0,0,0,0,0,0,0,0,0,0,0,0,0,0,0,0,0,0,0,0,124,129,134,139,143,145,147,116],[24,-1,1,5,-1,1,5,-1,3,-1,1,-1,1,25,-1,-2,-1,-2,-1,1,-1,1,-1,3,-1,1,-1,-1,1,-1,3,-1,1,-1,-1,1,-1,3,-1,1,-1,-1,1,-1,3,-1,1,-1,-1,1,-1,1,-1,-1,-1,1,-1,-1,-2,26,27,7,28,-1,1,-1,1,-1,1,-1,1,-1,1,-1,1,-1,1,-1,1,-1,1,-1,1,-1,1,-1,1,-1,1,-1,1,-1,1,-1,1,-1,1,-1,1,-1,1,-1,1,-1,1,-1,1,-1,1,-1,1,-1,1,-1,1,-1,1,-1,1,-1,1,-1,1,-1,1,-1,1,-1,1,-1,1,-1,1,-1,1,-1,1,-1,1,-1,1,-1,1,-1,1,-1,1,-1,1,-1,1,-1,1,-1,1,-1,1,-1,1,-1,1,-1,1,-1,1,-1,1,-1,1,-1,1,-1,1,-1,1,-1,1,-1,1,-1,1,-1,1,-1,1,-1,1,-1,1,-1,1,-1,1,-1,1,-1,1,-1,1,-1,1,-1,1,-1,1,-1,1,-1,1,-1,1,-1,1,-1,1,-1,1,-1,1,-1,1,-1,1,-1,1,-1,1,-1,1,-1,1,-1,1,-1,1,-1,1,-1,1,-1,3,-1,1,5,-1,1,-1,3,5,8,9,-1,1,-1,3,-1,1,29,30,5,8,9,7,3,3,3,3,31,3,1,3],[23,0,7,7,0,7,7,0,3,0,24,0,25,8,8,26,27,28,0,4,0,29,0,3,0,4,0,0,30,0,3,0,4,0,0,31,0,3,0,4,0,0,32,0,3,0,4,0,0,9,0,9,0,0,0,4,0,33,10,11,34,12,11,0,1,0,1,0,1,0,1,0,1,0,1,0,1,0,1,0,1,0,1,0,1,0,1,0,1,0,1,0,1,0,1,0,1,0,1,0,1,0,1,0,1,0,1,0,1,0,1,0,1,0,1,0,1,0,1,0,1,0,1,0,1,0,1,0,1,0,1,0,1,0,1,0,1,0,1,0,1,0,1,0,1,0,1,0,1,0,1,0,1,0,1,0,1,0,1,0,1,0,1,0,1,0,1,0,1,0,1,0,1,0,1,0,1,0,1,0,1,0,1,0,1,0,1,0,1,0,1,0,1,0,1,0,2,0,2,0,2,0,2,0,2,0,2,0,2,0,2,0,2,0,2,0,2,0,2,0,2,0,2,0,2,0,2,0,2,0,2,0,13,0,13,0,4,0,35,0,3,0,14,14,0,6,0,3,6,6,15,0,6,0,3,0,16,16,36,6,6,15,12,3,3,3,3,3,3,10,3]],[[{"name":"spr_GuraWeapon","rect":[3,0,22,20],"offset":[1.5,0],"originalSize":[25,20],"capInsets":[0,0,0,0]}],[1],0,[0],[2],[37]],[[{"name":"menu_charselecBG","rect":[0,0,640,360],"offset":[0,0],"originalSize":[640,360],"capInsets":[0,0,0,0]}],[1],0,[0],[2],[38]],[[{"name":"hud_ATKicon","rect":[126,968,16,16],"offset":[0,0],"originalSize":[16,16],"capInsets":[0,0,0,0]}],[1],0,[0],[2],[5]],[[{"name":"hud_LevelButton_1","rect":[0,0,111,27],"offset":[0,0],"originalSize":[111,27],"capInsets":[0,0,0,0]}],[1],0,[0],[2],[39]],[[{"name":"hud_HPicon","rect":[146,990,16,14],"offset":[0,0],"originalSize":[16,16],"capInsets":[0,0,0,0]}],[1],0,[0],[2],[5]],[[{"name":"spr_Title_Gura","rect":[0,0,105,100],"offset":[0,0],"originalSize":[105,100],"capInsets":[0,0,0,0]}],[1],0,[0],[2],[40]],[[{"name":"menu_charselec_bar","rect":[186,150,214,210],"offset":[-27,-75],"originalSize":[640,360],"capInsets":[0,0,0,0]}],[1],0,[0],[2],[41]],[[{"name":"menu_charselec_morearrow_0","rect":[10,4,44,11],"offset":[0.5,2.5],"originalSize":[63,24],"capInsets":[0,0,0,0]}],[1],0,[0],[2],[42]],[[{"name":"hud_criticon","rect":[124,990,16,16],"offset":[0,0],"originalSize":[16,16],"capInsets":[0,0,0,0]}],[1],0,[0],[2],[5]],[[{"name":"hud_spdicon","rect":[102,1004,16,16],"offset":[0,0],"originalSize":[16,16],"capInsets":[0,0,0,0]}],[1],0,[0],[2],[5]],[[[18,"bgm_menu",".wav",134.285714],-1],0,0,[],[],[]],[[{"name":"hud_LevelButton_0","rect":[0,0,111,25],"offset":[0,1],"originalSize":[111,27],"capInsets":[0,0,0,0]}],[1],0,[0],[2],[43]],[[{"name":"spr_gacha_holologo","rect":[0,0,85,98],"offset":[0,0],"originalSize":[85,98],"capInsets":[0,0,0,0]}],[1],0,[0],[2],[44]]]]