[1,["ecpdLyjvZBwrvm+cedCcQy","3b6T8lM09Hl5NpWpH8P3If","22dcqPvTJDq7RspN8Qktbi","b5yGj4CwlMqZ4UhiilUiGE","27fVABrZVCQqfbT5Oo4EPd","61saXta+VPpoMhdSaZkiiR","d2NTDpgbxP0pre+PLVHueW","4cvXC5ZRVJJ4e/1Rkj+/F7","1b+UnxqlpMibealzDYOoPL","07On2nvp1CwYPi+FxCo5f5","83ou6VMfpAd77wnUsvZtvu","30xBYrQnZG9oVX4LriuyAl","2baYByJiFALrgI+5KO71HV","79Pm0Ifq5OY4T7QkHWkcgK","4aZfh2ZbhG3bq8a8J75+ei","5ephtzJZxAhYRNnuXW89Qc","2cyV/s+AJOia3gz4K3gbln","d8xLpmC1BBHp2HvkPx1QSr","878nz/l4FHkb2KfmcyqQBK","205/RwdSRHP4pbQlTguQaP","9dpOl1ZmBIrKmk6xjGlWJ2","ccgYYyjcFNSInLF7omW/ge","37qaaDP5hDcZOUHmTRNe/8","dfNq8C1DpDvISWJYOOYeR0","9c3NelMrlA6KWuhEfPRpNO","c8cZOd2KdGgr7PSya6U2QH","064oo1MlJFI6bJ+tz7q846","faKhjzzoxFOKmdqMloDEVg","aamdtvcytK4aD326OHoZmT","70Xi0IYBpLZLoPXbxDSGUH","37uy65HGBPH7HmEumtwSBM","68pA9K0vBN17TAOK6hmbPF","0f8gOSa3pCNpwpWWkxCEh6","5ekM/t84lDn6JrnhoOhubo","d8dcdXC/ZEvYEQoGLFoYQD","8fXesyU7pFH62u92QXGPrT","ceigukEdNJnbHu+0q62WDj","97D1Z9+eNPUqq6FfEN3mNk","f2Prjb5NdAFJ5wAcpmiK8D"],["_textureSetter","value","node","_spriteFrame","root","data","_defaultClip"],["cc.SpriteFrame",["cc.Node",["_name","_opacity","_components","_prefab","_contentSize","_trs","_children","_anchorPoint","_parent"],1,9,4,5,7,2,5,1],["cc.PrefabInfo",["fileId","root","asset"],2,1,1],["cc.AnimationClip",["_name","_duration","sample","wrapMode","curveData"],-1,11],["cc.TTFFont",["_name","_native"],1],["cc.Prefab",["_name"],2],["cc.Sprite",["_sizeMode","node","_materials","_spriteFrame"],2,1,3,6],["cc.Animation",["playOnLoad","node","_clips","_defaultClip"],2,1,3,6],["cc.JsonAsset",["_name","json"],1],["cc.AudioClip",["_name","_native","duration"],0]],[[3,0,1,2,3,4,5],[6,0,1,2,3,2],[5,0,2],[1,0,6,2,3,4,7,5,2],[1,0,1,8,2,3,4,5,3],[7,0,1,2,3,2],[2,1,2,1],[2,0,1,2,2],[4,0,1,3],[8,0,1,3],[9,0,1,2,4]],[[[[0,"Calli_Run",0.375,8,2,[{"props":{"height":[{"frame":0,"value":170}]}},"comps",11,[{},"cc.Sprite",11,[{},"spriteFrame",12,[[[{"frame":0},"value",6,0],[{"frame":0.125},"value",6,1],[{"frame":0.25},"value",6,2]],11,11,11]]]]]],0,0,[0,0,0],[1,1,1],[6,7,8]],[[[8,"Minecraft","Minecraft.ttf"],-1],0,0,[],[],[]],[[[2,"Calli"],[3,"Calli",[-4],[[1,0,-2,[2],3],[5,true,-3,[5,6],4]],[6,-1,0],[5,130,150],[0,0.5,0],[-34.828,-50,0,0,0,0,1,1,1,1]],[4,"Shadow",200,1,[[1,0,-5,[0],1]],[7,"7fGFMR6llF5LAI6SPFITXl",1,0],[5,60,20],[27.866,3.751,0,0,0,0,1,1,1,1]]],0,[0,4,1,0,2,1,0,2,1,0,-1,2,0,2,2,0,5,1,5],[0,0,0,0,0,0,0],[-1,3,-1,3,6,-1,-2],[0,1,0,2,3,3,9]],[[{"name":"spr_Gura_O2_run_0","rect":[16,33,46,27],"offset":[7,-14.5],"originalSize":[64,64],"capInsets":[0,0,0,0]}],[0],0,[0],[0],[10]],[[{"name":"spr_Calli_run_2","rect":[18,46,44,50],"offset":[-11,-20],"originalSize":[102,102],"capInsets":[0,0,0,0]}],[0],0,[0],[0],[11]],[[{"name":"spr_Calli_idle_0","rect":[22,55,40,46],"offset":[-9,-27],"originalSize":[102,102],"capInsets":[0,0,0,0]}],[0],0,[0],[0],[12]],[[{"name":"spr_Gura_O2_idle_0","rect":[18,38,43,25],"offset":[7.5,-18.5],"originalSize":[64,64],"capInsets":[0,0,0,0]}],[0],0,[0],[0],[13]],[[[9,"CharacterData",{"character":[{"name":"Calli","weapon":"Scythe","weaponDes":"Swings in a half circle arc in front.","stats":[{"health":70,"atk":30,"speed":1,"crit":10},{"health":75,"atk":35,"speed":1.05,"crit":10},{"health":80,"atk":40,"speed":1.1,"crit":10},{"health":85,"atk":45,"speed":1.15,"crit":10},{"health":90,"atk":50,"speed":1.2,"crit":10}]},{"name":"Gura","weapon":"Trident","weaponDes":"Mid ranged stab attack in front.","stats":[{"health":100,"atk":10,"speed":1.2,"crit":5},{"health":105,"atk":15,"speed":1.25,"crit":5},{"health":110,"atk":20,"speed":1.3,"crit":5},{"health":115,"atk":25,"speed":1.35,"crit":5},{"health":120,"atk":30,"speed":1.4,"crit":5}]}]}]],0,0,[],[],[]],[[{"name":"Shadow","rect":[0,0,42,17],"offset":[0,0],"originalSize":[42,17],"capInsets":[0,0,0,0]}],[0],0,[0],[0],[14]],[[{"name":"spr_Calli_run_1","rect":[20,51,44,49],"offset":[-9,-24.5],"originalSize":[102,102],"capInsets":[0,0,0,0]}],[0],0,[0],[0],[15]],[[{"name":"spr_Gura_O2_run_1","rect":[17,34,45,27],"offset":[7.5,-15.5],"originalSize":[64,64],"capInsets":[0,0,0,0]}],[0],0,[0],[0],[16]],[[[0,"Gura_Idle",0.375,8,2,[{},"comps",11,[{},"cc.Sprite",11,[{},"spriteFrame",12,[[[{"frame":0},"value",6,0],[{"frame":0.125},"value",6,1],[{"frame":0.25},"value",6,2]],11,11,11]]]]]],0,0,[0,0,0],[1,1,1],[4,17,18]],[[{"name":"spr_Gura_O2_idle_2","rect":[19,37,43,26],"offset":[8.5,-18],"originalSize":[64,64],"capInsets":[0,0,0,0]}],[0],0,[0],[0],[19]],[[{"name":"spr_Gura_O2_run_3","rect":[16,33,48,27],"offset":[8,-14.5],"originalSize":[64,64],"capInsets":[0,0,0,0]}],[0],0,[0],[0],[20]],[[{"name":"spr_Gura_O2_run_5","rect":[19,36,44,26],"offset":[9,-17],"originalSize":[64,64],"capInsets":[0,0,0,0]}],[0],0,[0],[0],[21]],[[{"name":"spr_Calli_idle_2","rect":[21,53,40,47],"offset":[-10,-25.5],"originalSize":[102,102],"capInsets":[0,0,0,0]}],[0],0,[0],[0],[22]],[[[0,"Calli_Idle",0.4,10,2,[{"props":{"height":[{"frame":0,"value":150}]}},"comps",11,[{},"cc.Sprite",11,[{},"spriteFrame",12,[[[{"frame":0},"value",6,0],[{"frame":0.1},"value",6,1],[{"frame":0.2},"value",6,2],[{"frame":0.3},"value",6,3]],11,11,11,11]]]]]],0,0,[0,0,0,0],[1,1,1,1],[2,23,24,25]],[[{"name":"spr_Calli_idle_3","rect":[21,53,42,47],"offset":[-9,-25.5],"originalSize":[102,102],"capInsets":[0,0,0,0]}],[0],0,[0],[0],[26]],[[{"name":"spr_Gura_O2_run_4","rect":[17,34,47,27],"offset":[8.5,-15.5],"originalSize":[64,64],"capInsets":[0,0,0,0]}],[0],0,[0],[0],[27]],[[{"name":"spr_Calli_run_0","rect":[21,48,42,49],"offset":[-9,-21.5],"originalSize":[102,102],"capInsets":[0,0,0,0]}],[0],0,[0],[0],[28]],[[{"name":"spr_Gura_O2_run_2","rect":[19,36,43,26],"offset":[8.5,-17],"originalSize":[64,64],"capInsets":[0,0,0,0]}],[0],0,[0],[0],[29]],[[{"name":"spr_Gura_O2_idle_1","rect":[19,37,42,26],"offset":[8,-18],"originalSize":[64,64],"capInsets":[0,0,0,0]}],[0],0,[0],[0],[30]],[[{"name":"spr_Calli_idle_1","rect":[20,54,41,47],"offset":[-10.5,-26.5],"originalSize":[102,102],"capInsets":[2.5,0.5,1.5,2.5]}],[0],0,[0],[0],[31]],[[[0,"Gura_Run",0.6,10,2,[{},"comps",11,[{},"cc.Sprite",11,[{},"spriteFrame",12,[[[{"frame":0},"value",6,0],[{"frame":0.1},"value",6,1],[{"frame":0.2},"value",6,2],[{"frame":0.3},"value",6,3],[{"frame":0.4},"value",6,4],[{"frame":0.5},"value",6,5]],11,11,11,11,11,11]]]]]],0,0,[0,0,0,0,0,0],[1,1,1,1,1,1],[32,33,34,35,36,37]],[[[10,"buttonSound",".wav",0.484989],-1],0,0,[],[],[]],[[[2,"Gura"],[3,"Gura",[-4],[[1,0,-2,[2],3],[5,true,-3,[5,6],4]],[6,-1,0],[5,150,99],[0,0.5,0],[30,-50,0,0,0,0,1,1,1,1]],[4,"Shadow",200,1,[[1,0,-5,[0],1]],[7,"9dh72REnBP1ac2kULzIoIW",1,0],[5,60,20],[-34,0,0,0,0,0,1,1,1,1]]],0,[0,4,1,0,2,1,0,2,1,0,-1,2,0,2,2,0,5,1,5],[0,0,0,0,0,0,0],[-1,3,-1,3,6,-1,-2],[0,1,0,4,5,5,38]]]]